residue,atom,mean,std
ALA,CA,53.132,2.603
ALA,CB,19.023,2.828
ALA,C,177.742,3.443
ALA,N,123.395,5.602
ALA,H,8.197,0.878
ARG,CA,56.756,3.136
ARG,CB,30.664,2.374
ARG,C,176.423,3.129
ARG,N,120.871,4.52
ARG,H,8.24,0.971
ASN,CA,53.517,3.23
ASN,CB,38.704,3.282
ASN,C,175.208,3.308
ASN,N,118.945,5.194
ASN,H,8.353,1.864
ASP,CA,54.664,2.578
ASP,CB,40.878,2.391
ASP,C,176.354,3.351
ASP,N,120.727,4.449
ASP,H,8.295,0.579
CYS,CA,57.969,3.489
CYS,CB,33.451,6.662
CYS,C,174.723,3.256
CYS,N,120.34,16.415
CYS,H,8.372,0.693
GLN,CA,56.518,2.507
GLN,CB,29.171,2.372
GLN,C,176.306,8.487
GLN,N,120.039,4.327
GLN,H,8.243,1.806
GLU,CA,57.303,3.061
GLU,CB,29.987,2.908
GLU,C,176.83,3.952
GLU,N,120.763,4.432
GLU,H,8.331,0.786
GLY,CA,45.36,2.055
GLY,C,173.831,3.46
GLY,N,109.636,6.387
GLY,H,8.327,0.851
HIS,CA,56.482,3.212
HIS,CB,30.318,2.994
HIS,C,175.128,4.436
HIS,N,119.695,5.022
HIS,H,8.258,1.202
ILE,CA,61.627,3.231
ILE,CB,38.553,2.764
ILE,C,175.832,4.22
ILE,N,121.431,5.824
ILE,H,8.256,0.686
LEU,CA,55.643,2.202
LEU,CB,42.209,1.987
LEU,C,177.01,3.415
LEU,N,121.962,7.212
LEU,H,8.218,0.718
LYS,CA,56.935,3.015
LYS,CB,32.762,2.728
LYS,C,176.621,5.198
LYS,N,121.069,4.699
LYS,H,8.19,1.483
MET,CA,56.112,2.265
MET,CB,32.954,3.016
MET,C,176.192,3.14
MET,N,120.152,4.893
MET,H,8.258,1.147
PHE,CA,58.093,3.591
PHE,CB,39.901,3.346
PHE,C,175.441,2.863
PHE,N,120.401,5.403
PHE,H,8.332,0.727
PRO,CA,63.319,3.304
PRO,CB,31.871,2.868
PRO,C,176.669,3.918
SER,CA,58.664,3.336
SER,CB,63.721,4.455
SER,C,174.547,3.511
SER,N,116.321,4.059
SER,H,8.277,0.685
THR,CA,62.193,2.705
THR,CB,69.607,5.071
THR,C,174.453,3.796
THR,N,115.383,6.022
THR,H,8.226,0.63
TRP,CA,57.727,4.422
TRP,CB,30.03,4.376
TRP,C,176.04,5.442
TRP,N,121.634,5.828
TRP,H,8.264,0.783
TYR,CA,58.126,2.967
TYR,CB,39.267,2.948
TYR,C,175.406,4.256
TYR,N,120.648,10.623
TYR,H,8.282,0.887
VAL,CA,62.483,3.122
VAL,CB,32.689,2.189
VAL,C,175.639,3.203
VAL,N,121.154,6.848
VAL,H,8.267,0.672
