Atom_name,SS,AA,mean,stdev
C,C,Ala,177.39,1.45
C,C,Arg,175.91,1.27
C,C,Asn,174.98,1.38
C,C,Asp,176.01,1.45
C,C,Cox,175.85,1.58
C,C,Cys,174.77,1.38
C,C,Gln,175.88,1.53
C,C,Glu,176.11,1.47
C,C,Gly,174.3,1.8
C,C,His,174.88,1.68
C,C,Ile,175.46,1.65
C,C,Leu,176.61,1.77
C,C,Lys,176.15,1.4
C,C,Met,175.93,1.54
C,C,Phe,175.28,1.88
C,C,Pro,176.91,1.72
C,C,Ser,174.33,1.22
C,C,Thr,174.62,1.45
C,C,Trp,175.91,1.32
C,C,Tyr,175.32,1.54
C,C,Val,175.76,1.63
C,E,Ala,175.3,1.61
C,E,Arg,175.04,1.18
C,E,Asn,174.55,1.28
C,E,Asp,175.15,1.54
C,E,Cox,172.73,1.05
C,E,Cys,173.86,1.83
C,E,Gln,174.58,0.94
C,E,Glu,175.01,1.24
C,E,Gly,173.01,2.59
C,E,His,173.8,2.24
C,E,Ile,174.79,1.41
C,E,Leu,175.16,1.31
C,E,Lys,174.93,1.25
C,E,Met,174.64,1.47
C,E,Phe,174.15,1.93
C,E,Pro,176.41,1.5
C,E,Ser,173.52,1.55
C,E,Thr,173.47,1.39
C,E,Trp,175.1,1.8
C,E,Tyr,174.65,1.64
C,E,Val,174.66,1.36
C,H,Ala,179.58,1.39
C,H,Arg,178.11,1.7
C,H,Asn,176.74,1.66
C,H,Asp,178.07,1.8
C,H,Cox,176.84,0.47
C,H,Cys,177.42,1.35
C,H,Gln,178.35,1.15
C,H,Glu,178.46,1.34
C,H,Gly,176.31,1.5
C,H,His,176.83,1.16
C,H,Ile,177.49,1.62
C,H,Leu,178.42,1.7
C,H,Lys,177.79,2.22
C,H,Met,177.76,1.77
C,H,Phe,176.42,1.74
C,H,Pro,178.34,1.53
C,H,Ser,176.51,1.4
C,H,Thr,176.62,1.24
C,H,Trp,177.81,1.62
C,H,Tyr,177.05,1.51
C,H,Val,177.75,1.49
Ca,C,Ala,52.67,1.76
Ca,C,Arg,55.96,1.94
Ca,C,Asn,52.94,1.43
Ca,C,Asp,54.09,1.59
Ca,C,Cox,57.68,1.43
Ca,C,Cys,58.8,2.06
Ca,C,Gln,55.94,1.83
Ca,C,Glu,56.39,1.84
Ca,C,Gly,45.34,1.17
Ca,C,His,55.78,2.02
Ca,C,Ile,60.64,2.08
Ca,C,Leu,54.85,1.79
Ca,C,Lys,56.4,1.8
Ca,C,Met,55.12,1.79
Ca,C,Phe,56.94,1.98
Ca,C,Pro,63.53,1.26
Ca,C,Ser,58.35,1.78
Ca,C,Thr,61.59,2.04
Ca,C,Trp,57.62,1.25
Ca,C,Tyr,57.72,2.14
Ca,C,Val,61.8,2.25
Ca,E,Ala,50.86,1.28
Ca,E,Arg,54.63,1.5
Ca,E,Asn,52.48,1.18
Ca,E,Asp,53.41,1.15
Ca,E,Cox,54.19,1.64
Ca,E,Cys,57.64,1.94
Ca,E,Gln,54.33,1.39
Ca,E,Glu,55.55,1.45
Ca,E,Gly,45.08,1.2
Ca,E,His,54.8,1.75
Ca,E,Ile,60.0,1.51
Ca,E,Leu,53.94,1.19
Ca,E,Lys,55.01,1.0
Ca,E,Met,54.1,1.46
Ca,E,Phe,56.33,1.31
Ca,E,Pro,62.79,1.22
Ca,E,Ser,57.14,1.11
Ca,E,Thr,61.1,1.71
Ca,E,Trp,56.28,1.52
Ca,E,Tyr,56.56,1.59
Ca,E,Val,60.72,1.59
Ca,H,Ala,54.86,0.94
Ca,H,Arg,59.05,1.21
Ca,H,Asn,55.67,0.99
Ca,H,Asp,57.04,1.0
Ca,H,Cox,58.57,1.59
Ca,H,Cys,62.86,1.85
Ca,H,Gln,58.61,1.04
Ca,H,Glu,59.3,1.05
Ca,H,Gly,47.02,0.9
Ca,H,His,59.62,1.57
Ca,H,Ile,64.68,1.66
Ca,H,Leu,57.54,0.98
Ca,H,Lys,59.11,1.19
Ca,H,Met,58.45,1.66
Ca,H,Phe,60.74,1.63
Ca,H,Pro,65.52,1.01
Ca,H,Ser,60.86,1.27
Ca,H,Thr,65.89,1.55
Ca,H,Trp,60.03,1.94
Ca,H,Tyr,61.07,1.72
Ca,H,Val,65.96,1.39
Cb,C,Ala,19.03,1.27
Cb,C,Arg,30.53,1.77
Cb,C,Asn,38.22,1.47
Cb,C,Asp,40.76,1.34
Cb,C,Cox,38.38,1.39
Cb,C,Cys,29.75,1.86
Cb,C,Gln,28.67,1.73
Cb,C,Glu,30.02,1.62
Cb,C,Gly,,
Cb,C,His,29.62,1.99
Cb,C,Ile,38.26,2.06
Cb,C,Leu,41.87,1.7
Cb,C,Lys,32.57,1.3
Cb,C,Met,32.93,3.05
Cb,C,Phe,39.43,1.93
Cb,C,Pro,31.87,0.96
Cb,C,Ser,63.88,1.24
Cb,C,Thr,69.75,1.29
Cb,C,Trp,29.27,1.1
Cb,C,Tyr,38.71,2.0
Cb,C,Val,32.68,1.76
Cb,E,Ala,21.72,1.77
Cb,E,Arg,32.36,1.82
Cb,E,Asn,40.43,1.89
Cb,E,Asp,42.78,1.75
Cb,E,Cox,43.79,4.04
Cb,E,Cys,29.48,1.97
Cb,E,Gln,31.92,1.74
Cb,E,Glu,32.45,1.96
Cb,E,Gly,,
Cb,E,His,32.2,2.52
Cb,E,Ile,40.09,1.85
Cb,E,Leu,44.02,1.99
Cb,E,Lys,34.86,1.79
Cb,E,Met,34.34,2.44
Cb,E,Phe,41.64,1.65
Cb,E,Pro,32.45,0.93
Cb,E,Ser,65.39,1.48
Cb,E,Thr,70.82,2.11
Cb,E,Trp,31.78,1.76
Cb,E,Tyr,40.79,1.77
Cb,E,Val,33.81,1.79
Cb,H,Ala,18.27,1.08
Cb,H,Arg,30.0,0.83
Cb,H,Asn,38.28,1.12
Cb,H,Asp,40.5,1.12
Cb,H,Cox,40.02,1.78
Cb,H,Cys,26.99,0.84
Cb,H,Gln,28.33,0.79
Cb,H,Glu,29.2,0.77
Cb,H,Gly,,
Cb,H,His,29.91,1.67
Cb,H,Ile,37.59,1.08
Cb,H,Leu,41.4,1.11
Cb,H,Lys,32.31,1.08
Cb,H,Met,31.7,1.72
Cb,H,Phe,38.91,1.49
Cb,H,Pro,31.08,0.84
Cb,H,Ser,62.81,0.58
Cb,H,Thr,68.64,0.98
Cb,H,Trp,28.74,1.15
Cb,H,Tyr,38.38,0.89
Cb,H,Val,31.41,0.74
H,C,Ala,8.11,0.68
H,C,Arg,8.17,0.77
H,C,Asn,8.33,0.72
H,C,Asp,8.39,0.66
H,C,Cox,8.53,0.59
H,C,Cys,7.81,0.62
H,C,Gln,8.25,0.75
H,C,Glu,8.29,0.53
H,C,Gly,8.34,0.83
H,C,His,8.09,0.83
H,C,Ile,7.94,0.66
H,C,Leu,8.12,0.72
H,C,Lys,8.13,0.66
H,C,Met,8.37,0.51
H,C,Phe,7.95,0.9
H,C,Pro,,
H,C,Ser,8.26,0.74
H,C,Thr,8.22,0.74
H,C,Trp,7.59,0.84
H,C,Tyr,7.9,0.79
H,C,Val,7.88,0.75
H,E,Ala,8.59,0.76
H,E,Arg,8.57,0.69
H,E,Asn,8.7,0.55
H,E,Asp,8.56,0.62
H,E,Cox,8.68,0.98
H,E,Cys,9.0,0.45
H,E,Gln,8.51,0.83
H,E,Glu,8.66,0.6
H,E,Gly,8.27,1.06
H,E,His,8.76,0.79
H,E,Ile,8.74,0.66
H,E,Leu,8.63,0.67
H,E,Lys,8.54,0.63
H,E,Met,8.43,0.65
H,E,Phe,8.8,0.7
H,E,Pro,,
H,E,Ser,8.57,0.65
H,E,Thr,8.5,0.58
H,E,Trp,8.83,0.73
H,E,Tyr,8.69,0.73
H,E,Val,8.73,0.61
H,H,Ala,7.99,0.57
H,H,Arg,8.03,0.56
H,H,Asn,8.2,0.66
H,H,Asp,8.05,0.55
H,H,Cox,8.58,0.48
H,H,Cys,8.22,0.53
H,H,Gln,8.11,0.52
H,H,Glu,8.32,0.63
H,H,Gly,8.23,0.78
H,H,His,8.03,0.68
H,H,Ile,8.06,0.56
H,H,Leu,8.02,0.56
H,H,Lys,8.04,0.61
H,H,Met,8.05,0.48
H,H,Phe,8.21,0.66
H,H,Pro,,
H,H,Ser,8.11,0.5
H,H,Thr,8.1,0.55
H,H,Trp,8.24,0.82
H,H,Tyr,8.1,0.7
H,H,Val,7.99,0.63
HA,C,Ala,4.25,0.35
HA,C,Arg,4.33,0.37
HA,C,Asn,4.6,0.38
HA,C,Asp,4.64,0.29
HA,C,Cox,4.44,0.29
HA,C,Cys,4.63,0.37
HA,C,Gln,4.26,0.39
HA,C,Glu,4.28,0.3
HA,C,Gly,3.95,0.4
HA,C,His,4.5,0.51
HA,C,Ile,4.13,0.36
HA,C,Leu,4.35,0.36
HA,C,Lys,4.28,0.31
HA,C,Met,4.55,0.38
HA,C,Phe,4.62,0.42
HA,C,Pro,4.41,0.3
HA,C,Ser,4.48,0.35
HA,C,Thr,4.33,0.38
HA,C,Trp,4.54,0.24
HA,C,Tyr,4.55,0.45
HA,C,Val,4.14,0.4
HA,E,Ala,4.87,0.46
HA,E,Arg,4.85,0.47
HA,E,Asn,5.26,0.41
HA,E,Asp,5.01,0.36
HA,E,Cox,5.21,0.49
HA,E,Cys,5.18,0.57
HA,E,Gln,4.97,0.43
HA,E,Glu,4.76,0.44
HA,E,Gly,4.09,0.46
HA,E,His,5.07,0.5
HA,E,Ile,4.72,0.42
HA,E,Leu,4.85,0.43
HA,E,Lys,4.96,0.46
HA,E,Met,4.94,0.48
HA,E,Phe,5.17,0.47
HA,E,Pro,4.72,0.45
HA,E,Ser,5.08,0.48
HA,E,Thr,4.81,0.46
HA,E,Trp,5.24,0.41
HA,E,Tyr,5.0,0.51
HA,E,Val,4.66,0.42
HA,H,Ala,4.03,0.31
HA,H,Arg,4.0,0.33
HA,H,Asn,4.45,0.2
HA,H,Asp,4.44,0.22
HA,H,Cox,4.53,0.18
HA,H,Cys,4.16,0.25
HA,H,Gln,4.03,0.23
HA,H,Glu,3.99,0.21
HA,H,Gly,3.84,0.43
HA,H,His,4.06,0.54
HA,H,Ile,3.66,0.3
HA,H,Leu,4.0,0.27
HA,H,Lys,3.98,0.26
HA,H,Met,4.03,0.35
HA,H,Phe,4.11,0.4
HA,H,Pro,4.13,0.39
HA,H,Ser,4.2,0.19
HA,H,Thr,4.02,0.27
HA,H,Trp,4.35,0.4
HA,H,Tyr,4.14,0.36
HA,H,Val,3.57,0.34
N,C,Ala,132.52,3.51
N,C,Arg,120.59,4.42
N,C,Asn,118.48,4.58
N,C,Asp,120.69,4.45
N,C,Cox,118.62,4.25
N,C,Cys,117.01,2.5
N,C,Gln,119.73,3.85
N,C,Glu,120.87,3.94
N,C,Gly,109.94,4.09
N,C,His,118.87,4.98
N,C,Ile,121.07,5.17
N,C,Leu,121.53,4.3
N,C,Lys,121.44,4.19
N,C,Met,120.19,3.46
N,C,Phe,119.41,4.75
N,C,Pro,,
N,C,Ser,115.94,4.13
N,C,Thr,114.41,5.7
N,C,Trp,120.57,3.58
N,C,Tyr,120.05,4.23
N,C,Val,119.66,5.62
N,E,Ala,125.57,4.8
N,E,Arg,122.6,4.74
N,E,Asn,122.7,4.18
N,E,Asp,123.82,4.7
N,E,Cox,121.81,4.34
N,E,Cys,123.27,5.69
N,E,Gln,123.14,4.89
N,E,Glu,123.52,4.29
N,E,Gly,110.19,4.2
N,E,His,121.65,5.16
N,E,Ile,124.12,4.93
N,E,Leu,125.69,4.14
N,E,Lys,123.29,4.76
N,E,Met,121.67,4.12
N,E,Phe,121.95,4.38
N,E,Pro,,
N,E,Ser,117.44,4.19
N,E,Thr,118.09,4.86
N,E,Trp,124.04,5.43
N,E,Tyr,122.55,4.7
N,E,Val,123.27,5.05
N,H,Ala,121.65,2.52
N,H,Arg,118.99,2.56
N,H,Asn,117.6,2.37
N,H,Asp,119.9,2.03
N,H,Cox,119.51,2.44
N,H,Cys,117.47,3.04
N,H,Gln,118.59,2.59
N,H,Glu,119.89,2.85
N,H,Gly,107.34,2.82
N,H,His,118.09,3.17
N,H,Ile,120.22,2.75
N,H,Leu,120.18,2.46
N,H,Lys,119.9,2.93
N,H,Met,118.69,2.36
N,H,Phe,119.12,4.05
N,H,Pro,,
N,H,Ser,114.78,2.39
N,H,Thr,115.3,3.72
N,H,Trp,120.48,2.89
N,H,Tyr,119.67,3.19
N,H,Val,119.53,3.19
