residue,atom,ss,value
A,N,B,-0.41
A,N,C,-0.11
A,N,H,0.06
A,CO,B,-0.12
A,CO,C,0.05
A,CO,H,-0.07
A,CA,B,0.03
A,CA,C,0.07
A,CA,H,-0.04
A,CB,B,0.05
A,CB,C,-0.09
A,CB,H,-0.11
A,NH,B,-0.02
A,NH,C,-0.01
A,NH,H,0.05
A,HA,B,-0.03
A,HA,C,-0.03
A,HA,H,-0.01
C,N,B,-0.85
C,N,C,-1.17
C,N,H,-0.16
C,CO,B,-0.18
C,CO,C,0.1
C,CO,H,-0.07
C,CA,B,-0.1
C,CA,C,0.17
C,CA,H,0.09
C,CB,B,0.25
C,CB,C,0.21
C,CB,H,0.37
C,NH,B,-0.05
C,NH,C,0.01
C,NH,H,0.04
C,HA,B,0.06
C,HA,C,0.03
C,HA,H,0.04
D,N,B,-0.1
D,N,C,0.23
D,N,H,0.12
D,CO,B,0.06
D,CO,C,-0.11
D,CO,H,-0.26
D,CA,B,0.03
D,CA,C,0.28
D,CA,H,0.09
D,CB,B,0.08
D,CB,C,0.11
D,CB,H,-0.07
D,NH,B,0.04
D,NH,C,0.04
D,NH,H,0.12
D,HA,B,-0.06
D,HA,C,-0.03
D,HA,H,-0.05
E,N,B,-0.13
E,N,C,0.26
E,N,H,0.25
E,CO,B,0.13
E,CO,C,0.14
E,CO,H,0.07
E,CA,B,0.18
E,CA,C,0.25
E,CA,H,0.21
E,CB,B,0.15
E,CB,C,0.06
E,CB,H,-0.13
E,NH,B,0.02
E,NH,C,0.07
E,NH,H,0.13
E,HA,B,-0.04
E,HA,C,-0.04
E,HA,H,-0.05
F,N,B,-0.36
F,N,C,-0.35
F,N,H,0.34
F,CO,B,-0.23
F,CO,C,-0.22
F,CO,H,0.04
F,CA,B,-0.12
F,CA,C,-0.04
F,CA,H,0.05
F,CB,B,0.1
F,CB,C,-0.09
F,CB,H,0.07
F,NH,B,-0.11
F,NH,C,-0.04
F,NH,H,-0.1
F,HA,B,0.08
F,HA,C,-0.02
F,HA,H,-0.03
G,N,B,-0.13
G,N,C,0.13
G,N,H,-1.2
G,CO,B,0.61
G,CO,C,0.47
G,CO,H,-0.41
G,CA,B,0.09
G,CA,C,0.12
G,CA,H,-1.09
G,CB,B,-0.2
G,CB,C,-0.07
G,CB,H,0.14
G,NH,B,-0.02
G,NH,C,0.06
G,NH,H,-0.05
G,HA,B,-0.08
G,HA,C,-0.03
G,HA,H,0.12
H,N,B,-0.45
H,N,C,-0.09
H,N,H,-0.28
H,CO,B,-0.2
H,CO,C,-0.05
H,CO,H,-0.21
H,CA,B,0.08
H,CA,C,0.22
H,CA,H,-0.04
H,CB,B,-0.03
H,CB,C,-0.24
H,CB,H,0.09
H,NH,B,-0.02
H,NH,C,-0.01
H,NH,H,-0.02
H,HA,B,-0.04
H,HA,C,-0.09
H,HA,H,-0.05
I,N,B,-0.01
I,N,C,-0.2
I,N,H,0.14
I,CO,B,-0.04
I,CO,C,-0.09
I,CO,H,0.17
I,CA,B,0.1
I,CA,C,0.03
I,CA,H,0.2
I,CB,B,0.05
I,CB,C,0.28
I,CB,H,0.11
I,NH,B,0.01
I,NH,C,-0.01
I,NH,H,-0.21
I,HA,B,0.06
I,HA,C,0.03
I,HA,H,0.01
K,N,B,0.12
K,N,C,-0.13
K,N,H,-0.05
K,CO,B,0.09
K,CO,C,-0.13
K,CO,H,-0.16
K,CA,B,0.22
K,CA,C,0.08
K,CA,H,-0.11
K,CB,B,-0.06
K,CB,C,0.01
K,CB,H,-0.05
K,NH,B,0.07
K,NH,C,-0.04
K,NH,H,0.05
K,HA,B,-0.04
K,HA,C,-0.03
K,HA,H,-0.0
L,N,B,-0.01
L,N,C,-0.49
L,N,H,0.3
L,CO,B,-0.27
L,CO,C,0.06
L,CO,H,0.11
L,CA,B,0.09
L,CA,C,0.1
L,CA,H,0.01
L,CB,B,-0.03
L,CB,C,-0.1
L,CB,H,0.1
L,NH,B,0.04
L,NH,C,-0.07
L,NH,H,-0.14
L,HA,B,0.01
L,HA,C,-0.02
L,HA,H,0.03
M,N,B,0.34
M,N,C,-0.02
M,N,H,0.1
M,CO,B,-0.05
M,CO,C,0.19
M,CO,H,-0.08
M,CA,B,0.23
M,CA,C,0.22
M,CA,H,0.14
M,CB,B,0.18
M,CB,C,0.06
M,CB,H,0.05
M,NH,B,0.04
M,NH,C,0.01
M,NH,H,-0.06
M,HA,B,0.0
M,HA,C,-0.01
M,HA,H,-0.01
N,N,B,-0.07
N,N,C,-0.03
N,N,H,-0.12
N,CO,B,-0.01
N,CO,C,-0.23
N,CO,H,-0.34
N,CA,B,0.21
N,CA,C,0.24
N,CA,H,-0.14
N,CB,B,-0.21
N,CB,C,-0.06
N,CB,H,0.04
N,NH,B,-0.02
N,NH,C,0.04
N,NH,H,0.11
N,HA,B,-0.13
N,HA,C,-0.04
N,HA,H,-0.03
P,N,B,0
P,N,C,0
P,N,H,0
P,CO,B,0
P,CO,C,0
P,CO,H,0
P,CA,B,0
P,CA,C,0
P,CA,H,0
P,CB,B,0
P,CB,C,0
P,CB,H,0
P,NH,B,0
P,NH,C,0
P,NH,H,0
P,HA,B,0
P,HA,C,0
P,HA,H,0
Q,N,B,0.03
Q,N,C,-0.31
Q,N,H,-0.07
Q,CO,B,0.04
Q,CO,C,0.1
Q,CO,H,0.1
Q,CA,B,0.2
Q,CA,C,0.37
Q,CA,H,0.0
Q,CB,B,0.01
Q,CB,C,-0.13
Q,CB,H,-0.04
Q,NH,B,0.01
Q,NH,C,-0.13
Q,NH,H,-0.04
Q,HA,B,0.04
Q,HA,C,0.01
Q,HA,H,0.07
R,N,B,-0.23
R,N,C,-0.09
R,N,H,-0.09
R,CO,B,0.0
R,CO,C,0.16
R,CO,H,0.01
R,CA,B,0.03
R,CA,C,0.19
R,CA,H,0.03
R,CB,B,0.1
R,CB,C,-0.12
R,CB,H,-0.02
R,NH,B,0.09
R,NH,C,-0.01
R,NH,H,0.01
R,HA,B,0.01
R,HA,C,-0.02
R,HA,H,-0.02
S,N,B,0.32
S,N,C,0.3
S,N,H,-0.17
S,CO,B,0.26
S,CO,C,0.1
S,CO,H,0.03
S,CA,B,0.11
S,CA,C,0.1
S,CA,H,-0.24
S,CB,B,0.08
S,CB,C,0.14
S,CB,H,-0.1
S,NH,B,-0.03
S,NH,C,0.07
S,NH,H,0.13
S,HA,B,0.01
S,HA,C,0.02
S,HA,H,0.04
T,N,B,0.35
T,N,C,0.22
T,N,H,-0.54
T,CO,B,0.38
T,CO,C,0.1
T,CO,H,0.02
T,CA,B,0.07
T,CA,C,0.02
T,CA,H,-0.03
T,CB,B,0.14
T,CB,C,0.14
T,CB,H,0.01
T,NH,B,0.02
T,NH,C,0.04
T,NH,H,0.09
T,HA,B,0.05
T,HA,C,0.08
T,HA,H,0.03
V,N,B,0.16
V,N,C,-0.05
V,N,H,0.25
V,CO,B,0.05
V,CO,C,-0.08
V,CO,H,0.26
V,CA,B,0.12
V,CA,C,0.05
V,CA,H,0.07
V,CB,B,-0.11
V,CB,C,0.18
V,CB,H,0.05
V,NH,B,0.01
V,NH,C,0.01
V,NH,H,-0.17
V,HA,B,0.05
V,HA,C,0.05
V,HA,H,0.03
W,N,B,0.06
W,N,C,-0.59
W,N,H,0.06
W,CO,B,-0.46
W,CO,C,-0.33
W,CO,H,-0.0
W,CA,B,0.02
W,CA,C,-0.06
W,CA,H,0.14
W,CB,B,0.28
W,CB,C,-0.03
W,CB,H,0.07
W,NH,B,-0.16
W,NH,C,-0.1
W,NH,H,-0.08
W,HA,B,-0.05
W,HA,C,-0.03
W,HA,H,0.01
Y,N,B,-0.42
Y,N,C,-0.48
Y,N,H,0.03
Y,CO,B,-0.29
Y,CO,C,-0.51
Y,CO,H,-0.19
Y,CA,B,-0.12
Y,CA,C,0.1
Y,CA,H,0.05
Y,CB,B,0.3
Y,CB,C,0.0
Y,CB,H,0.07
Y,NH,B,-0.09
Y,NH,C,-0.07
Y,NH,H,-0.03
Y,HA,B,0.09
Y,HA,C,-0.06
Y,HA,H,-0.03
